<?xml version="1.0" encoding="UTF-8"?>
<project-private xmlns="http://www.netbeans.org/ns/project-private/1">
    <editor-bookmarks xmlns="http://www.netbeans.org/ns/editor-bookmarks/2" lastBookmarkId="0"/>
    <open-files xmlns="http://www.netbeans.org/ns/projectui-open-files/2">
        <group>
            <file>file:/C:/xampp/htdocs/ildolce/index.php</file>
            <file>file:/C:/xampp/htdocs/ildolce/contacto/index.php</file>
            <file>file:/C:/xampp/htdocs/ildolce/bloqueshtml/cabecero.php</file>
            <file>file:/C:/xampp/htdocs/ildolce/vistas/vista.php</file>
            <file>file:/C:/xampp/htdocs/ildolce/carta/index.php</file>
            <file>file:/C:/xampp/htdocs/ildolce/bloqueshtml/menu-desarrollado.html</file>
            <file>file:/C:/xampp/htdocs/ildolce/galeria/index.php</file>
        </group>
    </open-files>
</project-private>
